"0","last_2
"
"1","   [1]"
"1"," ""Lo"" "
"1"," ""a,"" "
"1"," ""e."" "
"1"," ""eo"" "
"1"," ""es"" "
"1"," ""os"" "
"1"," ""do"" "
"1"," ""as"" "
"1"," ""La"" "
"1"," ""zó"" "
"1"," ""y""  "
"1"," ""de"" "
"1"," ""yo"" "
"1"," ""s,"" "
"1","
"
"1","  [15]"
"1"," ""ra"" "
"1"," ""or"" "
"1"," ""ue"" "
"1"," ""la"" "
"1"," ""no"" "
"1"," ""do"" "
"1"," ""ra"" "
"1"," ""r,"" "
"1"," ""de"" "
"1"," ""e,"" "
"1"," ""go"" "
"1"," ""el"" "
"1"," ""a,"" "
"1"," ""en"" "
"1","
"
"1","  [29]"
"1"," ""o""  "
"1"," ""de"" "
"1"," ""ho"" "
"1"," ""lo"" "
"1"," ""uy"" "
"1"," ""ín"" "
"1"," ""o,"" "
"1"," ""la"" "
"1"," ""a""  "
"1"," ""en"" "
"1"," ""a;"" "
"1"," ""y""  "
"1"," ""do"" "
"1"," ""d."" "
"1","
"
"1","  [43]"
"1"," ""ar"" "
"1"," ""el"" "
"1"," ""la"" "
"1"," ""l,"" "
"1"," ""re"" "
"1"," ""ra"" "
"1"," ""se"" "
"1"," ""ro"" "
"1"," ""a,"" "
"1"," ""os"" "
"1"," ""rá"" "
"1"," ""el"" "
"1"," ""bo"" "
"1"," ""o,"" "
"1","
"
"1","  [57]"
"1"," ""el"" "
"1"," ""os"" "
"1"," ""as"" "
"1"," ""io"" "
"1"," ""o,"" "
"1"," ""ra"" "
"1"," ""po"" "
"1"," ""de"" "
"1"," ""as"" "
"1"," ""y""  "
"1"," ""lo"" "
"1"," ""el"" "
"1"," ""ue"" "
"1"," ""ia"" "
"1","
"
"1","  [71]"
"1"," ""as"" "
"1"," ""do"" "
"1"," ""un"" "
"1"," ""ón"" "
"1"," ""és"" "
"1"," ""sa"" "
"1"," ""y""  "
"1"," ""or"" "
"1"," ""re"" "
"1"," ""ya"" "
"1"," ""lo"" "
"1"," ""os"" "
"1"," ""rá"" "
"1"," ""de"" "
"1","
"
"1","  [85]"
"1"," ""en"" "
"1"," ""in"" "
"1"," ""ó:"" "
"1"," ""or"" "
"1"," ""o."" "
"1"," ""un"" "
"1"," ""la"" "
"1"," ""s."" "
"1"," ""i""  "
"1"," ""la"" "
"1"," ""La"" "
"1"," ""do"" "
"1"," ""ra"" "
"1"," ""do"" "
"1","
"
"1","  [99]"
"1"," ""or"" "
"1"," ""is"" "
"1"," ""oz"" "
"1"," ""e,"" "
"1"," ""vo"" "
"1"," ""le"" "
"1"," ""y,"" "
"1"," ""a:"" "
"1"," ""de"" "
"1"," ""eo"" "
"1"," ""ho"" "
"1"," ""tó"" "
"1"," ""f""  "
"1"," ""o,"" "
"1","
"
"1"," [113]"
"1"," ""s,"" "
"1"," ""y""  "
"1"," ""y""  "
"1"," ""e:"" "
"1"," ""or"" "
"1"," ""ey"" "
"1"," ""de"" "
"1"," ""si"" "
"1"," ""se"" "
"1"," ""ué"" "
"1"," ""g."" "
"1"," ""de"" "
"1"," ""la"" "
"1"," ""te"" "
"1","
"
"1"," [127]"
"1"," ""re"" "
"1"," ""as"" "
"1"," ""Al"" "
"1"," ""os"" "
"1"," ""d,"" "
"1"," ""o."" "
"1"," ""ha"" "
"1"," ""n,"" "
"1"," ""o,"" "
"1"," ""s,"" "
"1"," ""ía"" "
"1"," ""a,"" "
"1"," ""o)"" "
"1"," ""\""."""
"1","
"
"1"," [141]"
"1"," ""mí"" "
"1"," ""ue"" "
"1"," ""o."" "
"1"," ""es"" "
"1"," ""on"" "
"1"," ""in"" "
"1"," ""te"" "
"1"," ""ía"" "
"1"," ""Me"" "
"1"," ""y""  "
"1"," ""na"" "
"1"," ""ar"" "
"1"," ""na"" "
"1"," ""ar"" "
"1","
"
"1"," [155]"
"1"," ""jo"" "
"1"," ""va"" "
"1"," ""ra"" "
"1"," ""el"" "
"1"," ""a."" "
"1"," ""or"" "
"1"," ""ue"" "
"1"," ""rk"" "
"1"," ""ia"" "
"1"," ""o,"" "
"1"," ""is"" "
"1"," ""su"" "
"1"," ""ia"" "
"1"," ""an"" "
"1","
"
"1"," [169]"
"1"," ""en"" "
"1"," ""in"" "
"1"," ""os"" "
"1"," ""re"" "
"1"," ""86"" "
"1"," ""do"" "
"1"," ""la"" "
"1"," ""e,"" "
"1"," ""me"" "
"1"," ""a""  "
"1"," ""ía"" "
"1"," ""on"" "
"1"," ""o,"" "
"1"," ""el"" "
"1","
"
"1"," [183]"
"1"," ""on"" "
"1"," ""os"" "
"1"," ""do"" "
"1"," ""oz"" "
"1"," ""la"" "
"1"," ""ro"" "
"1"," ""ue"" "
"1"," ""os"" "
"1"," ""un"" "
"1"," ""or"" "
"1"," ""mo"" "
"1"," ""ó:"" "
"1"," ""o,"" "
"1"," ""os"" "
"1","
"
"1"," [197]"
"1"," ""ma"" "
"1"," ""la"" "
"1"," ""ie"" "
"1"," ""an"" "
"1"," ""ue"" "
"1"," ""de"" "
"1"," ""al"" "
"1"," ""ón"" "
"1"," ""la"" "
"1"," ""ro"" "
"1"," ""an"" "
"1"," ""us"" "
"1"," ""de"" "
"1"," ""de"" "
"1","
"
"1"," [211]"
"1"," ""ha"" "
"1"," ""os"" "
"1"," ""as"" "
"1"," ""s;"" "
"1"," ""ón"" "
"1"," ""os"" "
"1"," ""o,"" "
"1"," ""ra"" "
"1"," ""de"" "
"1"," ""es"" "
"1"," ""y""  "
"1"," ""s;"" "
"1"," ""ue"" "
"1"," ""as"" "
"1","
"
"1"," [225]"
"1"," ""o."" "
"1"," ""r,"" "
"1"," ""ue"" "
"1"," ""e,"" "
"1"," ""la"" "
"1"," ""o,"" "
"1"," ""No"" "
"1"," ""ue"" "
"1"," ""en"" "
"1"," ""en"" "
"1"," ""ra"" "
"1"," ""en"" "
"1"," ""pe"" "
"1"," ""ba"" "
"1","
"
"1"," [239]"
"1"," ""uy"" "
"1"," ""us"" "
"1"," ""de"" "
"1"," ""do"" "
"1"," ""si"" "
"1"," ""la"" "
"1"," ""os"" "
"1"," ""es"" "
"1"," ""el"" "
"1"," ""an"" "
"1"," ""ir"" "
"1"," ""ia"" "
"1"," ""as"" "
"1"," ""as"" "
"1","
"
"1"," [253]"
"1"," ""lo"" "
"1"," ""\""."""
"1"," ""a""  "
"1"," ""en"" "
"1"," ""ía"" "
"1"," ""o""  "
"1"," ""el"" "
"1"," ""La"" "
"1"," ""o,"" "
"1"," ""os"" "
"1"," ""do"" "
"1"," ""en"" "
"1"," ""ía"" "
"1"," ""oz"" "
"1","
"
"1"," [267]"
"1"," ""a""  "
"1"," ""ós"" "
"1"," ""el"" "
"1"," ""us"" "
"1"," ""ta"" "
"1"," ""ra"" "
"1"," ""ia"" "
"1"," ""as"" "
"1"," ""ro"" "
"1"," ""as"" "
"1"," ""el"" "
"1"," ""a,"" "
"1"," ""o""  "
"1"," ""de"" "
"1","
"
"1"," [281]"
"1"," ""l."" "
"1"," ""s,"" "
"1"," ""de"" "
"1"," ""a."" "
"1"," ""a""  "
"1"," ""su"" "
"1"," ""No"" "
"1"," ""ha"" "
"1"," ""la"" "
"1"," ""Yo"" "
"1"," ""ez"" "
"1"," ""o;"" "
"1"," ""lo"" "
"1"," ""do"" "
"1","
"
"1"," [295]"
"1"," ""e,"" "
"1"," ""oy"" "
"1"," ""la"" "
"1"," ""s,"" "
"1"," ""ía"" "
"1"," ""el"" "
"1"," ""da"" "
"1"," ""an"" "
"1"," ""ea"" "
"1"," ""or"" "
"1"," ""o,"" "
"1"," ""or"" "
"1"," ""na"" "
"1"," ""do"" "
"1","
"
"1"," [309]"
"1"," ""de"" "
"1"," ""de"" "
"1"," ""ue"" "
"1"," ""y""  "
"1"," ""da"" "
"1"," ""ue"" "
"1"," ""ue"" "
"1"," ""la"" "
"1"," ""lo"" "
"1"," ""la"" "
"1"," ""a."" "
"1"," ""el"" "
"1"," ""el"" "
"1"," ""a;"" "
"1","
"
"1"," [323]"
"1"," ""do"" "
"1"," ""ón"" "
"1"," ""Lo"" "
"1"," ""go"" "
"1"," ""uo"" "
"1"," ""o,"" "
"1"," ""na"" "
"1"," ""de"" "
"1"," ""o,"" "
"1"," ""ue"" "
"1"," ""ín"" "
"1"," ""ue"" "
"1"," ""la"" "
"1"," ""na"" "
"1","
"
"1"," [337]"
"1"," ""la"" "
"1"," ""bo"" "
"1"," ""no"" "
"1"," ""ba"" "
"1"," ""ez"" "
"1"," ""ad"" "
"1"," ""ra"" "
"1"," ""de"" "
"1"," ""ía"" "
"1"," ""el"" "
"1"," ""ya"" "
"1"," ""an"" "
"1"," ""na"" "
"1"," ""ir"" "
"1","
"
"1"," [351]"
"1"," ""ás"" "
"1"," ""te"" "
"1"," ""no"" "
"1"," ""le"" "
"1"," ""y""  "
"1"," ""no"" "
"1"," ""to"" "
"1"," ""de"" "
"1"," ""ía"" "
"1"," ""mo"" "
"1"," ""da"" "
"1"," ""me"" "
"1"," ""ue"" "
"1"," ""ir"" "
"1","
"
"1"," [365]"
"1"," ""Su"" "
"1"," ""la"" "
"1"," ""y""  "
"1"," ""ra"" "
"1"," ""un"" "
"1"," ""on"" "
"1"," ""er"" "
"1"," ""ue"" "
"1"," ""te"" "
"1"," ""do"" "
"1"," ""o;"" "
"1"," ""ad"" "
"1"," ""o,"" "
"1"," ""ía"" "
"1","
"
"1"," [379]"
"1"," ""a,"" "
"1"," ""la"" "
"1"," ""ra"" "
"1"," ""lo"" "
"1"," ""o,"" "
"1"," ""y""  "
"1"," ""ás"" "
"1"," ""ón"" "
"1"," ""lo"" "
"1"," ""do"" "
"1"," ""ue"" "
"1"," ""he"" "
"1"," ""el"" "
"1"," ""si"" "
"1","
"
"1"," [393]"
"1"," ""on"" "
"1"," ""na"" "
"1"," ""el"" "
"1"," ""ía"" "
"1"," ""o."" "
"1"," ""no"" "
"1"," ""ud"" "
"1"," ""la"" "
"1"," ""do"" "
"1"," ""re"" "
"1"," ""do"" "
"1"," ""lo"" "
"1"," ""le"" "
"1"," ""z."" "
"1","
"
"1"," [407]"
"1"," ""de"" "
"1"," ""el"" "
"1"," ""o)"" "
"1"," ""ra"" "
"1"," ""dé"" "
"1"," ""on"" "
"1"," ""ue"" "
"1"," ""iz"" "
"1"," ""us"" "
"1"," ""do"" "
"1"," ""el"" "
"1"," ""te"" "
"1"," ""os"" "
"1"," ""o,"" "
"1","
"
"1"," [421]"
"1"," ""os"" "
"1"," ""mi"" "
"1"," ""us"" "
"1"," ""na"" "
"1"," ""ta"" "
"1"," ""en"" "
"1"," ""as"" "
"1"," ""o,"" "
"1"," ""ad"" "
"1"," ""fe"" "
"1"," ""y""  "
"1"," ""su"" "
"1"," ""de"" "
"1"," ""a""  "
"1","
"
"1"," [435]"
"1"," ""um"" "
"1"," ""se"" "
"1"," ""es"" "
"1"," ""re"" "
"1"," ""o."" "
"1"," ""en"" "
"1"," ""de"" "
"1"," ""ló"" "
"1"," ""es"" "
"1"," ""al"" "
"1"," ""do"" "
"1"," ""an"" "
"1"," ""at"" "
"1"," ""de"" "
"1","
"
"1"," [449]"
"1"," ""an"" "
"1"," ""o."" "
"1"," ""ca"" "
"1"," ""o)"" "
"1"," ""y""  "
"1"," ""ue"" "
"1"," ""os"" "
"1"," ""Le"" "
"1"," ""de"" "
"1"," ""to"" "
"1"," ""la"" "
"1"," ""es"" "
"1"," ""os"" "
"1"," ""ra"" "
"1","
"
"1"," [463]"
"1"," ""as"" "
"1"," ""lo"" "
"1"," ""ra"" "
"1"," ""os"" "
"1"," ""y""  "
"1"," ""uy"" "
"1"," ""os"" "
"1"," ""l,"" "
"1"," ""de"" "
"1"," ""n."" "
"1"," ""es"" "
"1"," ""il"" "
"1"," ""un"" "
"1"," ""y""  "
"1","
"
"1"," [477]"
"1"," ""El"" "
"1"," ""Me"" "
"1"," ""s,"" "
"1"," ""r."" "
"1"," ""e,"" "
"1"," ""el"" "
"1"," ""14"" "
"1"," ""jo"" "
"1"," ""en"" "
"1"," ""ir"" "
"1"," ""on"" "
"1"," ""eo"" "
"1"," ""de"" "
"1"," ""ue"" "
"1","
"
"1"," [491]"
"1"," ""ar"" "
"1"," ""es"" "
"1"," ""as"" "
"1"," ""de"" "
"1"," ""ro"" "
"1"," ""es"" "
"1"," ""de"" "
"1"," ""se"" "
"1"," ""as"" "
"1"," ""se"" "
"1"," ""me"" "
"1"," ""de"" "
"1"," ""na"" "
"1"," ""el"" "
"1","
"
"1"," [505]"
"1"," ""de"" "
"1"," ""te"" "
"1"," ""on"" "
"1"," ""sa"" "
"1"," ""la"" "
"1"," ""o;"" "
"1"," ""la"" "
"1"," ""a""  "
"1"," ""de"" "
"1"," ""de"" "
"1"," ""ra"" "
"1"," ""s,"" "
"1"," ""da"" "
"1"," ""la"" "
"1","
"
"1"," [519]"
"1"," ""os"" "
"1"," ""sa"" "
"1"," ""y""  "
"1"," ""de"" "
"1"," ""l;"" "
"1"," ""ca"" "
"1"," ""es"" "
"1"," ""en"" "
"1"," ""un"" "
"1"," ""as"" "
"1"," ""do"" "
"1"," ""ta"" "
"1"," ""ue"" "
"1"," ""ue"" "
"1","
"
"1"," [533]"
"1"," ""lo"" "
"1"," ""en"" "
"1"," ""en"" "
"1"," ""el"" "
"1"," ""ra"" "
"1"," ""lo"" "
"1"," ""o."" "
"1"," ""el"" "
"1"," ""la"" "
"1"," ""Me"" "
"1"," ""e,"" "
"1"," ""eó"" "
"1"," ""có"" "
"1"," ""e,"" "
"1","
"
"1"," [547]"
"1"," ""na"" "
"1"," ""jo"" "
"1"," ""ue"" "
"1"," ""el"" "
"1"," ""go"" "
"1"," ""en"" "
"1"," ""de"" "
"1"," ""ue"" "
"1"," ""mi"" "
"1"," ""o,"" "
"1"," ""se"" "
"1"," ""la"" "
"1"," ""la"" "
"1"," ""el"" "
"1","
"
"1"," [561]"
"1"," ""re"" "
"1"," ""él"" "
"1"," ""do"" "
"1"," ""a,"" "
"1"," ""sa"" "
"1"," ""ho"" "
"1"," ""no"" "
"1"," ""ía"" "
"1"," ""io"" "
"1"," ""se"" "
"1"," ""na"" "
"1"," ""el"" "
"1"," ""ba"" "
"1"," ""do"" "
"1","
"
"1"," [575]"
"1"," ""a""  "
"1"," ""ba"" "
"1"," ""ra"" "
"1"," ""ón"" "
"1"," ""da"" "
"1"," ""lo"" "
"1"," ""os"" "
"1"," ""da"" "
"1"," ""a,"" "
"1"," ""ra"" "
"1"," ""\""."""
"1"," ""ue"" "
"1"," ""os"" "
"1"," ""ta"" "
"1","
"
"1"," [589]"
"1"," ""on"" "
"1"," ""un"" "
"1"," ""os"" "
"1"," ""on"" "
"1"," ""s."" "
"1"," ""y""  "
"1"," ""un"" "
"1"," ""al"" "
"1"," ""me"" "
"1"," ""os"" "
"1"," ""En"" "
"1"," ""da"" "
"1"," ""go"" "
"1"," ""eo"" "
"1","
"
"1"," [603]"
"1"," ""e;"" "
"1"," ""os"" "
"1"," ""ar"" "
"1"," ""ra"" "
"1"," ""je"" "
"1"," ""s,"" "
"1"," ""el"" "
"1"," ""s:"" "
"1"," ""de"" "
"1"," ""de"" "
"1"," ""e."" "
"1"," ""do"" "
"1"," ""io"" "
"1"," ""un"" "
"1","
"
"1"," [617]"
"1"," ""te"" "
"1"," ""as"" "
"1"," ""do"" "
"1"," ""or"" "
"1"," ""de"" "
"1"," ""o,"" "
"1"," ""il"" "
"1"," ""as"" "
"1"," ""te"" "
"1"," ""as"" "
"1"," ""er"" "
"1"," ""un"" "
"1"," ""e,"" "
"1"," ""as"" "
"1","
"
"1"," [631]"
"1"," ""su"" "
"1"," ""as"" "
"1"," ""el"" "
"1"," ""o,"" "
"1"," ""ía"" "
"1"," ""ue"" "
"1"," ""z;"" "
"1"," ""mo"" "
"1"," ""io"" "
"1"," ""un"" "
"1"," ""or"" "
"1"," ""lo"" "
"1"," ""la"" "
"1"," ""la"" "
"1","
"
"1"," [645]"
"1"," ""de"" "
"1"," ""o,"" "
"1"," ""o)"" "
"1"," ""n."" "
"1"," ""oz"" "
"1"," ""de"" "
"1"," ""un"" "
"1"," ""un"" "
"1"," ""mo"" "
"1"," ""to"" "
"1"," ""a,"" "
"1"," ""no"" "
"1"," ""ma"" "
"1"," ""o."" "
"1","
"
"1"," [659]"
"1"," ""z;"" "
"1"," ""ue"" "
"1"," ""da"" "
"1"," ""se"" "
"1"," ""e,"" "
"1"," ""té"" "
"1"," ""en"" "
"1"," ""el"" "
"1"," ""y""  "
"1"," ""on"" "
"1"," ""el"" "
"1"," ""de"" "
"1"," ""ar"" "
"1"," ""os"" "
"1","
"
"1"," [673]"
"1"," ""al"" "
"1"," ""ie"" "
"1"," ""eo"" "
"1"," ""le"" "
"1"," ""de"" "
"1"," ""te"" "
"1"," ""el"" "
"1"," ""y""  "
"1"," ""de"" "
"1"," ""su"" "
"1"," ""te"" "
"1"," ""de"" "
"1"," ""ro"" "
"1"," ""la"" "
"1","
"
"1"," [687]"
"1"," ""ar"" "
"1"," ""ón"" "
"1"," ""il"" "
"1"," ""us"" "
"1"," ""o,"" "
"1"," ""de"" "
"1"," ""a""  "
"1"," ""ta"" "
"1"," ""El"" "
"1"," ""os"" "
"1"," ""in"" "
"1"," ""er"" "
"1"," ""do"" "
"1"," ""el"" "
"1","
"
"1"," [701]"
"1"," ""l;"" "
"1"," ""ra"" "
"1"," ""os"" "
"1"," ""re"" "
"1"," ""ay"" "
"1"," ""o,"" "
"1"," ""os"" "
"1"," ""ás"" "
"1"," ""os"" "
"1"," ""la"" "
"1"," ""os"" "
"1"," ""su"" "
"1"," ""os"" "
"1"," ""so"" "
"1","
"
"1"," [715]"
"1"," ""os"" "
"1"," ""a,"" "
"1"," ""la"" "
"1"," ""ia"" "
"1"," ""an"" "
"1"," ""y""  "
"1"," ""de"" "
"1"," ""mo"" "
"1"," ""ón"" "
"1"," ""de"" "
"1"," ""is"" "
"1"," ""ás"" "
"1"," ""a."" "
"1"," ""un"" "
"1","
"
"1"," [729]"
"1"," ""re"" "
"1"," ""es"" "
"1"," ""án"" "
"1"," ""vo"" "
"1"," ""ás"" "
"1"," ""j."" "
"1"," ""la"" "
"1"," ""s;"" "
"1"," ""r,"" "
"1"," ""ue"" "
"1"," ""de"" "
"1"," ""gó"" "
"1"," ""ma"" "
"1"," ""no"" "
"1","
"
"1"," [743]"
"1"," ""r,"" "
"1"," ""ra"" "
"1"," ""es"" "
"1"," ""ue"" "
"1"," ""va"" "
"1"," ""me"" "
"1"," ""e,"" "
"1"," ""ón"" "
"1"," ""es"" "
"1"," ""ra"" "
"1"," ""de"" "
"1"," ""zo"" "
"1"," ""os"" "
"1"," ""de"" "
"1","
"
"1"," [757]"
"1"," ""no"" "
"1"," ""jo"" "
"1"," ""la"" "
"1"," "".)"" "
"1"," ""s,"" "
"1"," ""un"" "
"1"," ""lo"" "
"1"," ""de"" "
"1"," ""ia"" "
"1"," ""ve"" "
"1"," ""la"" "
"1"," ""ce"" "
"1"," ""i;"" "
"1"," ""na"" "
"1","
"
"1"," [771]"
"1"," ""y""  "
"1"," ""os"" "
"1"," ""a,"" "
"1"," ""co"" "
"1"," ""la"" "
"1"," ""ra"" "
"1"," ""el"" "
"1"," ""ía"" "
"1"," ""el"" "
"1"," ""o""  "
"1"," ""a,"" "
"1"," ""el"" "
"1"," ""io"" "
"1"," ""do"" "
"1","
"
"1"," [785]"
"1"," ""s,"" "
"1"," ""de"" "
"1"," ""en"" "
"1"," ""o,"" "
"1"," ""o,"" "
"1"," ""mo"" "
"1"," ""la"" "
"1"," ""un"" "
"1"," "".."" "
"1"," ""ía"" "
"1"," ""la"" "
"1"," ""en"" "
"1"," ""a,"" "
"1"," ""to"" "
"1","
"
"1"," [799]"
"1"," ""Me"" "
"1"," ""na"" "
"1"," ""ón"" "
"1"," ""a:"" "
"1"," ""n,"" "
"1"," "".)"" "
"1"," ""ce"" "
"1"," ""s,"" "
"1"," ""de"" "
"1"," ""ba"" "
"1"," ""ín"" "
"1"," ""ia"" "
"1"," ""uy"" "
"1"," ""y""  "
"1","
"
"1"," [813]"
"1"," ""ar"" "
"1"," ""in"" "
"1"," ""de"" "
"1"," ""el"" "
"1"," ""iz"" "
"1"," ""ue"" "
"1"," ""mi"" "
"1"," ""r,"" "
"1"," ""a."" "
"1"," ""e,"" "
"1"," ""el"" "
"1"," ""os"" "
"1"," ""r,"" "
"1"," ""ía"" "
"1","
"
"1"," [827]"
"1"," ""En"" "
"1"," ""en"" "
"1"," ""to"" "
"1"," ""an"" "
"1"," ""do"" "
"1"," ""in"" "
"1"," ""ar"" "
"1"," ""un"" "
"1"," ""de"" "
"1"," ""ue"" "
"1"," ""un"" "
"1"," ""r,"" "
"1"," ""de"" "
"1"," ""ho"" "
"1","
"
"1"," [841]"
"1"," ""ue"" "
"1"," ""su"" "
"1"," ""il"" "
"1"," ""se"" "
"1"," ""s,"" "
"1"," ""no"" "
"1"," ""os"" "
"1"," ""re"" "
"1"," ""o,"" "
"1"," ""ba"" "
"1"," ""ía"" "
"1"," ""o,"" "
"1"," ""os"" "
"1"," ""ra"" "
"1","
"
"1"," [855]"
"1"," ""al"" "
"1"," ""de"" "
"1"," ""e."" "
"1"," ""ía"" "
"1"," ""ue"" "
"1"," ""un"" "
"1"," ""ez"" "
"1"," ""o,"" "
"1"," ""da"" "
"1"," ""as"" "
"1"," ""lo"" "
"1"," ""co"" "
"1"," ""me"" "
"1"," ""de"" "
"1","
"
"1"," [869]"
"1"," ""ra"" "
"1"," ""s,"" "
"1"," ""on"" "
"1"," ""el"" "
"1"," ""on"" "
"1"," ""si"" "
"1"," ""ía"" "
"1"," ""s."" "
"1"," ""an"" "
"1"," ""o,"" "
"1"," ""de"" "
"1"," ""o."" "
"1"," ""un"" "
"1"," ""es"" "
"1","
"
"1"," [883]"
"1"," ""re"" "
"1"," ""un"" "
"1"," ""da"" "
"1"," ""Al"" "
"1"," ""no"" "
"1"," ""as"" "
"1"," ""l;"" "
"1"," ""és"" "
"1"," ""ad"" "
"1"," ""r,"" "
"1"," ""r,"" "
"1"," ""ba"" "
"1"," ""mi"" "
"1"," ""r,"" "
"1","
"
"1"," [897]"
"1"," ""de"" "
"1"," ""ió"" "
"1"," ""na"" "
"1"," ""s,"" "
"1"," ""io"" "
"1"," ""y""  "
"1"," ""r."" "
"1"," ""el"" "
"1"," ""ie"" "
"1"," ""s,"" "
"1"," ""rá"" "
"1"," ""os"" "
"1"," ""Al"" "
"1"," ""o;"" "
"1","
"
"1"," [911]"
"1"," ""de"" "
"1"," ""as"" "
"1"," ""so"" "
"1"," ""un"" "
"1"," ""er"" "
"1"," ""do"" "
"1"," ""a;"" "
"1"," ""de"" "
"1"," ""el"" "
"1"," ""or"" "
"1"," ""la"" "
"1"," ""lo"" "
"1"," ""as"" "
"1"," ""la"" "
"1","
"
"1"," [925]"
"1"," ""ás"" "
"1"," ""o""  "
"1"," ""a,"" "
"1"," ""ó,"" "
"1"," ""as"" "
"1"," ""a;"" "
"1"," ""ve"" "
"1"," ""or"" "
"1"," ""té"" "
"1"," ""el"" "
"1"," ""an"" "
"1"," ""en"" "
"1"," ""y""  "
"1"," ""el"" "
"1","
"
"1"," [939]"
"1"," ""ue"" "
"1"," ""te"" "
"1"," ""uy"" "
"1"," ""sa"" "
"1"," ""in"" "
"1"," ""to"" "
"1"," ""me"" "
"1"," ""ra"" "
"1"," "".."" "
"1"," ""ón"" "
"1"," ""da"" "
"1"," ""el"" "
"1"," ""an"" "
"1"," ""si"" "
"1","
"
"1"," [953]"
"1"," ""Yo"" "
"1"," ""ía"" "
"1"," ""el"" "
"1"," ""ía"" "
"1"," ""el"" "
"1"," ""le"" "
"1"," ""té"" "
"1"," ""la"" "
"1"," ""ás"" "
"1"," ""on"" "
"1"," ""us"" "
"1"," ""de"" "
"1"," ""de"" "
"1"," ""ra"" "
"1","
"
"1"," [967]"
"1"," ""e,"" "
"1"," ""su"" "
"1"," ""y""  "
"1"," ""an"" "
"1"," ""le"" "
"1"," ""ra"" "
"1"," ""ro"" "
"1"," ""e,"" "
"1"," ""el"" "
"1"," ""co"" "
"1"," ""ue"" "
"1"," ""r."" "
"1"," ""no"" "
"1"," ""a""  "
"1","
"
"1"," [981]"
"1"," ""er"" "
"1"," ""y""  "
"1"," ""sa"" "
"1"," ""én"" "
"1"," ""el"" "
"1"," ""la"" "
"1"," ""mo"" "
"1"," ""an"" "
"1"," ""ia"" "
"1"," ""ía"" "
"1"," ""os"" "
"1"," ""ta"" "
"1"," ""de"" "
"1"," ""o,"" "
"1","
"
"1"," [995]"
"1"," ""de"" "
"1"," ""se"" "
"1"," ""al"" "
"1"," ""de"" "
"1"," ""la"" "
"1"," ""y""  "
"1","
"
"1"," [ reached getOption(""max.print"") -- omitted 2072 entries ]
"
